{
  "in": {
    "run_id": "221d0169e91f",
    "metrics": {
      "n_days": 520,
      "total_return": -0.14225826188774493,
      "cagr": -0.07166749831467456,
      "ann_vol": 0.0727817981786446,
      "sharpe": -0.98512011136095,
      "sharpe_ci95": [
        -2.1570854186164796,
        0.4754943303083355
      ],
      "sortino": -0.9234371198394369,
      "max_drawdown": -0.17492771975555987,
      "calmar": -0.4096977792588913,
      "win_rate_daily": 0.2326923076923077
    }
  }
}