{
  "in": {
    "v1_baseline": {
      "run_id": "07be11e0ef59",
      "metrics": {
        "n_days": 520,
        "total_return": -0.11899233325333214,
        "cagr": -0.05954870192803319,
        "ann_vol": 0.06292638376803025,
        "sharpe": -0.9440033720039631,
        "sharpe_ci95": [
          -2.215092544003219,
          0.5682512271934049
        ],
        "sortino": -0.8816872552502856,
        "max_drawdown": -0.15690666833378397,
        "calmar": -0.3795167060800539,
        "win_rate_daily": 0.23076923076923078
      }
    },
    "v2a_long_only": {
      "run_id": "cb48846a5a90",
      "metrics": {
        "n_days": 520,
        "total_return": 0.12014429858037601,
        "cagr": 0.05652292546198079,
        "ann_vol": 0.14635139165192296,
        "sharpe": 0.44901571114022776,
        "sharpe_ci95": [
          -0.7476195777036485,
          1.685610514258932
        ],
        "sortino": 0.4329463959022645,
        "max_drawdown": -0.19059257106828087,
        "calmar": 0.2965641585354926,
        "win_rate_daily": 0.2673076923076923
      }
    },
    "v2b_residual": {
      "run_id": "1ec61c8f40b4",
      "metrics": {
        "n_days": 520,
        "total_return": 0.03996278147467458,
        "cagr": 0.019171067250676854,
        "ann_vol": 0.114186841095376,
        "sharpe": 0.22342803019036,
        "sharpe_ci95": [
          -0.8619547875118843,
          1.396805014706398
        ],
        "sortino": 0.19937712566515464,
        "max_drawdown": -0.13495209082770754,
        "calmar": 0.1420583196087894,
        "win_rate_daily": 0.20576923076923076
      }
    },
    "v2d_full": {
      "run_id": "3ab16b38645c",
      "metrics": {
        "n_days": 520,
        "total_return": -0.017965043619139642,
        "cagr": -0.008746811113263475,
        "ann_vol": 0.1046804652182836,
        "sharpe": -0.031572429254641765,
        "sharpe_ci95": [
          -1.1022597835420151,
          1.1556105821138436
        ],
        "sortino": -0.028737545748017474,
        "max_drawdown": -0.16031436339767213,
        "calmar": -0.05456037081073226,
        "win_rate_daily": 0.19423076923076923
      }
    }
  }
}