{
  "us": {
    "run_id": "84dec456f0d0",
    "metrics": {
      "n_days": 284,
      "total_return": -0.0017066090568497172,
      "cagr": -0.0015144607676897959,
      "ann_vol": 0.006090468834630941,
      "sharpe": -0.24581463567796127,
      "sharpe_ci95": [
        -0.9631449897603852,
        0.5891136121340137
      ],
      "sortino": -0.13566418631225233,
      "max_drawdown": -0.0062413678525066185,
      "calmar": -0.2426488557442689,
      "win_rate_daily": 0.045774647887323945
    }
  }
}